,Name,Positions,Position_Group,HT_in,College_Weight,Hand_Size,Arm_Length,Wing_Length,Height,HS_Weight,is_outlier
0,Kolton Miller,OL,BIGS,80.625,309.0,10.75,34.125,82.5,80,281,False
1,Zach Banner,OL,BIGS,80.375,353.0,10.75,34.88,82.63,80,305,False
2,Cole Kelley,QB,MIDS,79.375,249.0,9.875,33.75,81.25,79,246,False
3,Colby Parkinson,TE,MIDS,79.25,252.0,9.625,33.25,78.625,79,228,False
4,Jelani Woods,QB,MIDS,79.125,253.0,9.5,34.5,82.0,79,230,False
5,Kaleb McGary,OL,BIGS,79.125,317.0,10.125,32.875,79.75,80,284,False
6,Tyree Jackson,QB,MIDS,79.0,249.0,10.25,34.25,83.75,75,200,False
7,Jesse James,TE,MIDS,79.0,261.0,9.375,33.0,80.875,80,243,False
8,DeForest Buckner,DL,BIGS,79.0,291.0,11.75,34.375,82.0,79,230,True
9,Jaxson Kirkland,OL,BIGS,78.875,321.0,10.5,33.5,81.875,79,314,False
10,Andrew Stueber,OL,BIGS,78.625,325.0,10.0,34.125,79.875,79,290,False
11,Jerry Tillery,OL,BIGS,78.5,295.0,10.625,34.25,81.0,78,317,False
12,Obinna Eze,OL,BIGS,78.5,321.0,9.875,36.125,85.75,79,279,False
13,Jaryd Jones-Smith,OL,BIGS,78.5,317.0,10.0,36.25,88.5,78,313,False
14,Isaiah Wilson,OL,BIGS,78.5,350.0,10.25,35.5,84.375,79,354,False
16,Abraham Lucas,OL,BIGS,78.375,315.0,10.5,33.875,81.75,79,256,False
17,Kyle Murphy,OL,BIGS,78.375,305.0,9.75,33.5,80.5,78,270,False
18,Kyle Murphy,OL,BIGS,75.25,316.0,10.0,33.875,79.875,78,270,False
19,Braden Smith,OL,BIGS,78.25,315.0,9.375,32.25,78.125,78,285,False
20,Ereck Flowers,OL,BIGS,78.25,329.0,9.875,34.5,83.25,78,295,False
21,Darren Waller,DB,SKILLS,78.125,238.0,9.0,33.25,80.5,76,203,False
22,Raekwon Davis,DL,BIGS,78.125,311.0,11.0,33.875,85.25,80,318,False
23,Bucky Hodges,QB,MIDS,78.0,257.0,10.13,32.5,78.0,78,220,False
24,Ezra Cleveland,DL,BIGS,78.0,311.0,9.0,33.375,80.375,78,293,False
25,Lucas Niang,OL,BIGS,78.0,315.0,10.5,34.25,83.125,77,312,False
26,Ali Gaye,DL,BIGS,78.0,263.0,9.5,34.25,80.125,78,260,False
27,Andrew Vorhees,OL,BIGS,78.0,310.0,10.0,32.125,77.75,78,293,False
28,Jacob Eason,QB,MIDS,77.875,231.0,9.5,32.875,79.0,78,217,False
29,Paul Adams,OL,BIGS,77.875,317.0,10.0,33.5,81.625,79,262,False
30,Michael Jordan,OL,BIGS,77.875,312.0,10.0,34.25,83.0,78,309,False
31,Thayer Munford,OL,BIGS,77.75,328.0,10.125,35.125,84.625,78,343,False
32,Henry Bainivalu,OL,BIGS,77.75,306.0,10.75,34.0,81.125,78,302,False
33,Taco Charlton,DL,BIGS,77.625,277.0,9.75,34.25,81.88,78,249,False
34,Adam Bisnowaty,OL,BIGS,77.625,304.0,11.38,33.88,80.5,78,277,True
35,Dawson Deaton,OL,BIGS,77.5,306.0,9.625,32.875,79.5,77,297,False
36,Tyler Johnstone,OL,BIGS,77.5,301.0,10.375,34.0,83.375,77,245,False
37,Carter Warren,OL,BIGS,77.5,311.0,9.125,35.375,84.5,78,321,False
38,Dalton Schultz,TE,MIDS,77.375,244.0,9.5,31.25,75.375,78,235,False
39,Jalen Jelks,DL,BIGS,77.375,256.0,9.625,34.625,83.0,77,246,False
40,Sam Tevi,DL,BIGS,77.375,311.0,10.13,34.0,80.63,77,271,False
41,Jayden Peevy,DL,BIGS,77.375,308.0,10.5,35.5,85.375,78,279,False
42,Mark Jackson,DL,BIGS,77.375,328.0,9.625,34.25,80.5,75,226,False
43,Mitch Hyatt,OL,BIGS,77.375,303.0,10.25,34.125,81.875,78,274,False
44,Justin Hollins,DL,BIGS,77.25,248.0,10.375,33.375,79.5,77,207,False
45,David Grinnage,TE,MIDS,77.25,248.0,10.125,34.5,80.5,77,238,False
46,Vadal Alexander,OL,BIGS,77.25,326.0,10.5,35.0,82.0,77,320,False
47,Terrell Lewis,LB,MIDS,77.25,262.0,9.875,33.875,83.375,74,206,False
48,Andrew Thomas,OL,BIGS,77.125,315.0,10.25,36.125,83.5,77,326,False
49,Ben Brown,OL,BIGS,77.125,312.0,10.25,34.375,81.75,77,282,False
50,Frank Ragnow,OL,BIGS,77.125,312.0,9.375,33.125,78.875,77,296,False
51,Chase Litton,QB,MIDS,77.0,230.0,9.375,32.25,76.125,77,191,False
52,Chase Litton,WR,SKILLS,77.0,230.0,9.375,32.25,76.125,77,191,False
53,Kaden Smith,TE,MIDS,77.0,255.0,9.625,32.25,78.125,78,242,False
54,Chad Thomas,DL,BIGS,77.0,281.0,10.25,33.5,81.5,77,240,False
55,Austin Deculus,OL,BIGS,77.0,321.0,9.25,34.375,82.5,78,331,False
56,D.J. Humphries,OL,BIGS,77.0,307.0,10.0,33.625,82.25,78,275,False
57,Calvin Throckmorton,OL,BIGS,77.0,317.0,9.5,32.5,77.875,77,270,False
58,Sean McKeon,TE,MIDS,77.0,242.0,9.125,33.5,78.75,77,227,False
59,Quenton Nelson,OL,BIGS,77.0,325.0,10.375,33.75,82.625,77,302,False
60,Laremy Tunsil,OL,BIGS,77.0,310.0,10.0,34.25,83.0,78,295,False
61,Lorenzo Carter,DL,BIGS,76.875,250.0,10.375,34.0,82.0,77,234,False
62,Stephen Sullivan,TE,MIDS,76.875,248.0,10.125,35.375,85.0,77,230,False
63,Auden Tate,WR,SKILLS,76.875,228.0,9.375,33.75,79.25,77,206,False
64,Jake Ferguson,TE,MIDS,76.875,250.0,9.5,32.625,77.25,77,209,False
65,Jalyn Holmes,DL,BIGS,76.875,283.0,10.0,34.0,81.875,77,235,False
66,Tristan Wirfs,OL,BIGS,76.875,320.0,10.25,34.0,80.25,77,290,False
67,Marquis Hayes,OL,BIGS,76.875,318.0,8.875,34.875,83.5,78,334,False
68,Chase Young,DL,BIGS,76.875,264.0,10.0,33.75,80.625,77,226,False
69,Cohl Cabral,OL,BIGS,76.875,300.0,10.0,32.25,78.5,77,250,False
70,Brian Burns,DL,BIGS,76.75,249.0,10.0,33.875,83.625,77,213,False
71,Josh Sweat,DL,BIGS,76.75,251.0,10.25,34.625,84.125,77,240,False
72,T.J. Hockenson,TE,MIDS,76.75,251.0,9.5,32.25,77.875,77,222,False
73,Drew Sample,TE,MIDS,76.75,255.0,9.625,33.375,79.25,77,234,False
74,Jeremiah Moon,LB,MIDS,76.75,249.0,10.125,35.0,83.625,76,210,False
75,Tashawn Bower,DL,BIGS,76.75,250.0,9.88,33.38,79.75,77,241,False
76,Dru Samia,OL,BIGS,76.75,305.0,10.125,33.0,80.5,78,296,False
77,Alex Redmond,OL,BIGS,76.75,294.0,10.5,33.25,78.875,77,302,False
78,Lawrence Cager,WR,SKILLS,76.75,220.0,8.875,33.375,79.375,77,200,False
79,Troy Fumagalli,TE,MIDS,76.75,247.0,10.25,32.0,74.875,77,220,False
80,Jazz Ferguson,WR,SKILLS,76.625,227.0,9.25,34.25,81.5,77,197,False
81,Nick Fitzgerald,ATH,SKILLS,76.625,226.0,9.75,31.875,75.625,77,208,False
82,Charlie Woerner,ATH,SKILLS,76.625,244.0,10.0,31.125,76.875,77,220,False
83,Nick Coe,DL,BIGS,76.625,280.0,10.25,33.75,80.75,78,269,False
84,Romeo Okwara,DL,BIGS,76.625,265.0,10.125,34.125,84.375,76,223,False
85,Derrick Brown,DL,BIGS,76.625,326.0,9.0,34.25,80.875,76,322,False
86,Ellis McCarthy,DL,BIGS,76.625,338.0,9.875,34.125,78.375,76,305,False
87,Ben Bredeson,OL,BIGS,76.625,315.0,10.125,31.125,76.75,77,293,False
88,Marcell Ateman,WR,SKILLS,76.5,216.0,9.0,32.875,78.5,77,200,False
89,Myles Garrett,DL,BIGS,76.5,272.0,10.25,35.25,82.63,77,247,False
90,Dexter Lawrence,DL,BIGS,76.5,342.0,10.5,34.75,84.0,77,335,False
91,Ryan Bates,OL,BIGS,76.5,306.0,9.5,32.5,78.875,77,271,False
92,Jonah Williams,OL,BIGS,76.5,302.0,10.125,33.625,81.75,77,280,False
93,Denver Kirkland,OL,BIGS,76.5,335.0,9.625,34.625,81.75,76,333,False
94,C.J. Conrad,TE,MIDS,76.5,249.0,9.25,31.0,74.125,77,225,False
95,Rashan Gary,DL,BIGS,76.375,277.0,9.625,34.125,81.875,76,287,False
96,Stephen Weatherly,DL,BIGS,76.375,267.0,10.25,34.5,83.25,76,195,False
97,Christian Hackenberg,QB,MIDS,76.375,223.0,9.0,32.0,77.75,76,212,False
98,Joshua Garnett,OL,BIGS,76.375,312.0,10.125,33.875,81.875,77,285,False
99,Toby Weathersby,OL,BIGS,76.375,317.0,10.25,33.25,80.625,77,295,False
100,Jake Hanson,OL,BIGS,76.375,303.0,9.25,32.75,78.0,76,288,False
101,James Williams,RB,MIDS,76.25,231.0,9.5,33.625,80.25,70,178,False
102,James Williams,RB,MIDS,69.5,197.0,9.25,30.375,73.0,70,178,False
103,Chase Claypool,WR,SKILLS,76.25,238.0,9.875,32.5,80.0,77,214,False
104,Rasheem Green,DL,BIGS,76.25,275.0,9.875,33.75,81.25,77,290,False
105,DeShone Kizer,QB,MIDS,76.25,233.0,9.88,33.13,77.88,77,216,False
106,Jason Strowbridge,DL,BIGS,76.25,275.0,10.125,32.375,80.375,76,247,False
107,Tanner Lee,QB,MIDS,76.25,218.0,10.0,32.5,76.25,75,191,False
108,Jessamen Dunker,OL,BIGS,76.25,318.0,10.0,33.5,80.38,78,315,False
109,Zachary Carter,DL,BIGS,76.25,282.0,10.25,33.5,80.375,77,251,False
110,Darius Latham,DL,BIGS,76.25,311.0,10.0,34.75,82.125,77,291,False
111,Julian Okwara,DL,BIGS,76.25,252.0,10.25,34.375,81.75,76,216,False
112,Phidarian Mathis,DL,BIGS,76.25,310.0,10.375,34.625,83.875,76,287,False
113,LaBryan Ray,DL,BIGS,76.25,283.0,8.5,32.625,79.25,77,270,True
114,Noah Fant,TE,MIDS,76.125,249.0,9.75,33.5,80.0,76,211,False
115,Jonathan Garvin,DL,BIGS,76.125,263.0,9.625,34.0,80.25,76,222,False
116,Daniel Helm,TE,MIDS,76.125,249.0,9.5,33.375,79.625,77,221,False
117,Saahdiq Charles,OL,BIGS,76.125,321.0,10.0,33.0,80.375,77,320,False
118,Luke Fortner,OL,BIGS,76.125,307.0,10.0,33.125,80.375,77,283,False
119,Andre James,OL,BIGS,76.125,299.0,10.0,32.0,80.25,77,278,False
120,Cameron Thomas,QB,MIDS,76.125,267.0,10.25,32.5,78.875,75,181,False
121,Jeff Driskel,QB,MIDS,76.0,234.0,9.75,33.0,77.75,76,224,False
122,Jeff Driskel,QB,MIDS,76.0,234.0,9.75,33.0,77.75,76,224,False
123,Juwan Johnson,WR,SKILLS,76.0,230.0,10.5,34.25,81.625,77,212,True
124,Steven Montez,QB,MIDS,76.0,231.0,9.375,32.75,76.875,77,194,False
125,Jace Sternberger,TE,MIDS,76.0,251.0,9.75,32.125,77.25,76,212,False
126,James Morgan,QB,MIDS,76.0,229.0,9.75,33.375,79.0,76,210,False
127,Josh Rosen,QB,MIDS,76.0,226.0,9.875,31.75,76.5,76,206,False
128,Jared Pinkney,TE,MIDS,76.0,257.0,10.5,32.875,79.0,77,224,False
129,Ryan Kelly,OL,BIGS,76.0,311.0,9.625,33.625,80.625,76,264,False
130,Grant Calcaterra,TE,MIDS,75.875,241.0,10.0,33.25,79.875,76,225,False
131,Matthew Butler,DL,BIGS,75.875,297.0,9.25,33.5,81.625,76,265,False
132,Jordan Elliott,DL,BIGS,75.875,302.0,10.25,32.375,79.0,76,301,False
133,Justin Shaffer,OL,BIGS,75.875,314.0,10.0,33.25,80.625,77,356,False
134,Isaac Seumalo,OL,BIGS,75.875,303.0,9.875,33.0,78.875,75,280,False
135,Alex Forsyth,OL,BIGS,75.875,303.0,10.25,32.75,81.375,76,297,False
136,Austin Bryant,DL,BIGS,75.875,271.0,9.625,34.625,81.375,76,249,False
137,Miles Boykin,WR,SKILLS,75.75,220.0,9.875,33.5,81.375,76,212,False
138,Binjimen Victor,WR,SKILLS,75.75,198.0,9.625,34.125,81.5,76,174,False
140,Drew Lock,QB,MIDS,75.75,228.0,9.0,32.5,77.125,76,204,False
141,Jordan Love,QB,MIDS,75.75,224.0,10.5,32.625,80.0,75,179,False
142,Jonathan Ledbetter,DL,BIGS,75.75,280.0,9.875,34.5,79.75,76,276,False
143,Cody Ford,OL,BIGS,75.75,329.0,9.75,34.0,82.5,76,314,False
144,Billy Price,DL,BIGS,75.75,305.0,9.75,32.0,75.25,76,305,False
145,Isaiah Simmons,DB,SKILLS,75.625,238.0,9.625,33.375,81.875,76,211,False
146,Joejuan Williams,DB,SKILLS,75.625,211.0,9.75,32.5,78.0,75,194,False
147,Lil'Jordan Humphrey,ATH,SKILLS,75.625,210.0,9.5,32.75,78.75,76,192,False
148,Da'Shawn Hand,DL,BIGS,75.625,297.0,9.75,34.375,80.625,76,262,False
149,Montravius Adams,DL,BIGS,75.625,304.0,9.25,32.75,79.0,75,281,False
150,James Lynch,DL,BIGS,75.625,289.0,9.875,31.875,76.875,77,282,False
151,Scott Quessenberry,OL,BIGS,75.625,310.0,9.75,31.75,76.875,76,276,False
152,Chris Slayton,DL,BIGS,75.625,307.0,10.625,33.5,78.375,76,256,False
153,Terry Beckner Jr.,DL,BIGS,75.625,296.0,8.625,32.25,77.0,76,298,True
154,Ross Pierschbacher,OL,BIGS,75.625,307.0,10.0,32.125,79.75,76,269,False
155,A'Shawn Robinson,DL,BIGS,75.625,307.0,10.5,34.5,83.5,77,304,False
156,K.J. Malone,OL,BIGS,75.625,303.0,9.25,33.5,81.0,76,290,False
157,Tee Higgins,WR,SKILLS,75.625,216.0,9.25,34.125,81.0,77,191,False
158,DeMarcus Walker,DL,BIGS,75.625,280.0,10.5,33.0,79.63,76,280,False
160,Brandon Smith,OL,BIGS,75.5,250.0,10.25,34.625,81.5,79,335,False
161,Robert Nkemdiche,DL,BIGS,75.5,294.0,10.75,33.875,80.625,77,265,False
162,Chuma Edoga,OL,BIGS,75.5,308.0,9.625,34.75,81.5,76,283,False
163,Jonah Jackson,OL,BIGS,75.5,306.0,10.5,33.5,77.875,77,290,False
164,Damien Mama,OL,BIGS,75.5,334.0,11.0,35.0,83.88,76,370,False
165,Fred Warner,LB,MIDS,75.375,236.0,9.75,32.0,77.0,75,205,False
166,Joshua Dobbs,QB,MIDS,75.375,216.0,9.25,32.63,78.25,75,190,False
167,Sam Darnold,QB,MIDS,75.375,221.0,9.375,31.0,74.0,76,209,False
168,Hassan Ridgeway,DL,BIGS,75.375,303.0,9.375,33.0,78.125,76,248,False
169,Andrew Brown,DL,BIGS,75.375,296.0,9.375,34.5,81.5,76,295,False
170,Adolphus Washington,DL,BIGS,75.375,301.0,9.875,34.5,80.875,76,251,False
171,Davon Godchaux,DL,BIGS,75.375,310.0,10.25,32.38,78.5,76,271,False
172,Christian Miller,LB,MIDS,75.375,247.0,9.75,35.125,82.25,76,212,False
173,Tre Flowers,DB,SKILLS,75.25,202.0,9.0,33.875,79.375,75,180,False
174,Kenny Pickett,QB,MIDS,75.25,217.0,8.5,30.875,73.75,75,193,False
175,Jack Coan,QB,MIDS,75.25,218.0,9.5,31.125,74.875,75,190,False
176,Lecitus Smith,OL,BIGS,75.25,314.0,9.625,31.875,78.75,75,253,False
177,Troy Dye,DB,SKILLS,75.25,231.0,9.375,32.25,78.0,75,211,False
178,Hendon Hooker,QB,MIDS,75.25,217.0,10.5,33.0,79.25,76,204,False
179,Tyquan Lewis,DL,BIGS,75.25,269.0,10.375,33.75,80.125,75,225,False
181,Brian Allen,OL,BIGS,73.125,298.0,9.25,32.375,76.75,73,287,False
182,Carter Coughlin,LB,MIDS,75.125,236.0,9.5,31.375,76.875,76,212,False
183,Kelly Bryant,QB,MIDS,75.125,229.0,9.5,32.25,78.0,76,204,False
184,Jauan Jennings,ATH,SKILLS,75.125,215.0,9.0,31.625,76.25,75,186,False
185,Ross Blacklock,DL,BIGS,75.125,290.0,9.75,32.375,78.75,75,326,False
187,Eddie Vanderdoes,DL,BIGS,75.125,305.0,10.63,33.13,78.75,75,310,False
188,Tashawn Manning,DL,BIGS,75.125,327.0,9.75,34.5,82.5,76,260,False
189,Cedric Johnson,DL,BIGS,75.0,260.0,9.875,33.5,79.375,74,298,False
190,Isaiah Johnson,WR,SKILLS,75.0,205.0,8.875,32.875,80.5,75,204,False
191,Isaiah Johnson,WR,SKILLS,74.125,208.0,8.75,33.0,79.125,75,204,False
192,Kevin King,DB,SKILLS,75.0,200.0,9.5,32.0,77.88,74,172,False
193,Ifeadi Odenigbo,DL,BIGS,75.0,258.0,10.5,32.63,79.13,75,212,False
194,Devin Asiasi,TE,MIDS,75.0,257.0,9.75,33.25,80.125,77,272,False
195,Otaro Alaka,LB,MIDS,75.0,239.0,9.75,33.0,80.875,75,210,False
196,Quinnen Williams,DL,BIGS,75.0,303.0,9.625,33.25,80.25,76,260,False
197,Derek Barnett,DL,BIGS,75.0,259.0,10.0,32.13,76.88,75,274,False
198,Ron Thompson,TE,MIDS,75.0,253.0,9.375,32.25,77.875,76,220,False
199,Byron Cowart,DL,BIGS,75.0,298.0,10.0,33.75,81.0,76,258,False
200,K'Lavon Chaisson,DL,BIGS,75.0,254.0,9.875,32.25,79.25,76,217,False
201,Tyler Jones,OL,BIGS,75.0,306.0,9.75,33.75,81.5,75,287,False
202,Dylan Cantrell,WR,SKILLS,74.875,226.0,9.25,31.375,76.375,74,202,False
203,Alex Anzalone,ATH,SKILLS,74.875,241.0,9.13,32.13,76.38,75,231,False
204,Qaadir Sheppard,TE,MIDS,74.875,261.0,10.0,32.75,78.75,75,239,False
205,Breeland Speaks,DL,BIGS,74.875,283.0,9.875,33.75,79.625,75,281,False
206,Trevon Hill,DL,BIGS,74.875,248.0,9.25,32.375,78.25,76,212,False
207,Javon Patterson,OL,BIGS,74.875,307.0,9.0,32.5,78.25,75,313,False
208,Cordel Iwuagwu,OL,BIGS,74.875,309.0,10.125,33.75,81.0,75,285,False
209,Rod Taylor,OL,BIGS,74.875,320.0,9.75,34.25,81.0,75,323,False
210,Tyrese Robinson,OL,BIGS,74.875,317.0,9.75,33.125,78.75,76,310,False
211,Joey Mbu,DL,BIGS,74.875,313.0,9.25,35.0,82.625,75,299,False
212,Kamal Martin,QB,MIDS,74.875,240.0,10.125,34.0,81.0,75,203,False
213,Joshua Frazier,DL,BIGS,74.875,321.0,10.0,34.25,79.625,76,336,False
214,Matthew Thomas,LB,MIDS,74.75,232.0,8.875,33.0,79.125,75,205,False
215,Alton Robinson,DL,BIGS,74.75,264.0,9.25,32.375,79.0,75,220,False
216,Ken Ekanem,LB,MIDS,74.75,257.0,10.5,32.0,77.0,75,235,False
217,Cesar Ruiz,OL,BIGS,74.75,307.0,11.0,33.125,79.625,75,321,False
218,Skyler Phillips,OL,BIGS,74.75,318.0,9.5,33.0,78.0,75,338,False
219,Tim Settle,DL,BIGS,74.75,329.0,9.125,33.0,78.75,75,339,False
220,Bryan Edwards,WR,SKILLS,74.75,212.0,9.5,32.25,78.625,75,209,False
221,Isaiah Wynn,OL,BIGS,74.75,313.0,8.5,33.375,78.875,74,274,True
222,Robert Davis,RB,MIDS,74.625,219.0,9.63,33.0,78.5,68,160,False
223,Derrick Henry,RB,MIDS,74.625,247.0,8.75,33.0,80.75,75,243,False
224,Peter Kalambayi,LB,MIDS,74.625,252.0,9.0,33.5,79.75,75,238,False
225,Jordan Brailford,DL,BIGS,74.625,252.0,9.125,32.5,77.75,75,220,False
226,Cayleb Jones,WR,SKILLS,74.625,209.0,9.25,32.75,80.125,74,195,False
227,Sewo Olonilua,ATH,SKILLS,74.625,232.0,10.0,32.125,78.125,75,219,False
228,Solomon Thomas,DL,BIGS,74.625,273.0,9.38,33.0,78.88,75,256,False
229,Jordan Jenkins,DL,BIGS,74.625,259.0,11.25,34.25,83.375,75,245,True
231,Kingsley Keke,DL,BIGS,74.625,288.0,9.75,34.5,82.5,75,290,False
232,McTelvin Agim,DL,BIGS,74.625,309.0,10.125,33.5,80.25,75,268,False
233,Trenton Thompson,DL,BIGS,74.625,288.0,10.625,34.0,81.0,76,311,False
234,Vincent Taylor,DL,BIGS,74.625,304.0,10.13,34.38,81.25,74,267,False
235,Caleb Brantley,DL,BIGS,74.625,307.0,9.75,32.0,77.13,75,304,False
236,Daniel Wise,DL,BIGS,74.625,281.0,10.0,33.0,80.5,74,277,False
237,Jaleel Johnson,OL,BIGS,74.625,316.0,9.63,33.25,80.63,74,290,False
238,Michael Onwenu,OL,BIGS,74.625,344.0,10.5,34.375,82.0,75,370,False
239,Drake Jackson,OL,BIGS,74.625,254.0,10.125,34.0,82.625,74,302,False
240,Seth Russell,QB,MIDS,74.625,213.0,9.63,32.25,77.5,75,195,False
241,Seth Russell,QB,MIDS,74.625,213.0,9.63,32.25,77.5,75,195,False
242,Kenneth Murray,LB,MIDS,74.5,241.0,9.5,32.75,80.0,74,215,False
243,Kenny Lawler,WR,SKILLS,74.5,203.0,10.5,33.375,79.375,75,175,True
244,Deshaun Watson,QB,MIDS,74.5,221.0,9.75,33.0,79.88,75,190,False
245,Will Grier,QB,MIDS,74.5,217.0,9.375,31.5,75.125,75,181,False
246,Nate Landman,LB,MIDS,74.5,238.0,9.375,30.5,76.0,75,205,False
247,Brian Lewerke,QB,MIDS,74.5,213.0,10.625,32.125,75.5,75,192,False
248,Justin Jones,DL,BIGS,74.5,309.0,10.0,33.5,81.0,75,258,False
249,Grant Delpit,DB,SKILLS,74.5,213.0,9.125,30.375,74.5,76,189,False
250,Tyree Johnson,DL,BIGS,74.5,248.0,9.75,30.875,76.25,76,247,False
251,Montae Nicholson,ATH,SKILLS,74.375,212.0,9.5,33.38,78.0,74,210,False
252,Tyrie Cleveland,WR,SKILLS,74.375,209.0,9.125,32.875,78.0,75,190,False
253,A.C. Leonard,TE,MIDS,74.375,252.0,9.25,33.0,78.125,75,232,False
254,Geno Smith,DB,SKILLS,74.375,218.0,9.25,32.5,76.375,71,175,False
256,Matt Jones,RB,MIDS,74.375,231.0,8.625,32.0,77.0,75,210,False
257,Zack Baun,QB,MIDS,74.375,238.0,9.625,32.75,78.25,74,204,False
258,Jarrett Stidham,QB,MIDS,74.375,218.0,9.125,32.0,76.5,75,185,False
259,Darryl Williams,OL,BIGS,74.375,304.0,9.75,32.125,77.875,76,312,False
260,D'Andre Walker,DL,BIGS,74.375,251.0,9.875,34.375,81.75,75,213,False
261,Malik Jefferson,LB,MIDS,74.25,236.0,9.625,32.0,74.25,75,220,False
262,Cameron Dantzler,ATH,SKILLS,74.25,188.0,9.0,30.625,72.375,74,165,False
263,Skai Moore,LB,MIDS,74.25,226.0,9.375,32.0,78.375,75,195,False
264,Hunter Bryant,TE,MIDS,74.25,248.0,10.375,32.0,76.5,75,238,False
265,Kentavius Street,DL,BIGS,74.25,280.0,10.25,32.875,78.75,74,265,False
266,L.J. Collier,DL,BIGS,74.25,283.0,10.0,34.0,81.875,75,227,False
267,Aaron Hansford,ATH,SKILLS,74.25,239.0,10.125,32.375,78.5,75,209,False
268,Lamar Jackson,ATH,SKILLS,74.25,216.0,9.5,33.125,77.625,75,209,False
269,Lamar Jackson,QB,MIDS,74.25,216.0,9.5,33.125,77.625,75,202,False
270,Lamar Jackson,ATH,SKILLS,74.0,208.0,9.5,32.25,77.875,75,209,False
271,Lamar Jackson,QB,MIDS,74.0,208.0,9.5,32.25,77.875,75,202,False
272,Kendell Beckwith,ATH,SKILLS,74.25,243.0,9.5,33.0,79.13,75,225,False
273,Markquese Bell,ATH,SKILLS,74.125,212.0,9.375,32.375,76.125,75,194,False
274,Bubba Bolden,DB,SKILLS,74.125,209.0,9.0,31.375,76.875,75,188,False
275,James Sample,LB,MIDS,74.125,209.0,9.5,32.0,76.125,75,195,False
276,Davante Davis,DB,SKILLS,74.125,202.0,9.75,31.375,76.5,75,185,False
277,Evan Weaver,DL,BIGS,74.125,237.0,9.875,31.625,77.125,74,240,False
278,Haskell Garrett,DL,BIGS,74.125,300.0,9.875,31.625,78.125,74,298,False
279,Teddy Bridgewater,QB,MIDS,74.125,214.0,9.25,33.0,78.625,74,179,False
280,Teddy Bridgewater,QB,MIDS,74.125,214.0,9.25,33.0,78.625,74,179,False
282,Cameron Smith,LB,MIDS,74.0,238.0,10.375,32.375,77.0,74,236,False
283,Cameron Smith,LB,MIDS,74.0,238.0,10.375,32.375,77.0,74,207,False
284,Chris Warren III,RB,MIDS,74.0,247.0,10.0,32.0,77.0,74,235,False
285,Carlos Davis,DL,BIGS,74.0,313.0,9.625,32.0,76.5,74,270,False
286,Chauncey Rivers,DL,BIGS,74.0,262.0,9.75,32.875,80.75,75,252,False
287,Rashard Lawrence,DL,BIGS,74.0,308.0,11.0,34.125,80.375,75,309,False
288,Kevin Toliver II,DB,SKILLS,74.0,192.0,9.375,30.125,73.375,74,193,False
289,Ronnie Harrison,DB,SKILLS,74.0,207.0,9.5,33.375,80.375,74,192,False
290,Jaylon Smith,LB,MIDS,74.0,223.0,9.5,33.0,78.25,75,212,False
291,Chris Brown,DB,SKILLS,74.0,194.0,9.0,32.25,77.0,71,183,False
292,Chris Brown,WR,SKILLS,74.0,194.0,9.0,32.25,77.0,74,170,False
293,Chris Conley,WR,SKILLS,73.875,213.0,9.875,33.75,81.0,75,191,False
294,Deon Cain,WR,SKILLS,73.875,202.0,8.75,33.0,79.625,74,190,False
295,DaMarkus Lodge,WR,SKILLS,73.875,202.0,9.5,33.125,77.0,74,185,False
297,Raekwon McMillan,LB,MIDS,73.875,240.0,9.75,33.0,76.13,74,249,False
298,Jordan Fuller,ATH,SKILLS,73.875,203.0,9.0,31.0,76.125,74,205,False
299,Jose Ramirez,LB,MIDS,73.875,242.0,8.75,32.75,78.625,74,189,False
300,Skylar Thompson,QB,MIDS,73.875,217.0,8.625,31.0,74.625,74,195,False
301,Kevin Davis,LB,MIDS,73.875,235.0,10.25,32.38,76.25,74,220,False
302,Jake Fromm,QB,MIDS,73.875,219.0,8.875,31.125,75.0,75,224,False
303,Tremayne Anchrum,OL,BIGS,73.875,314.0,9.625,33.625,80.5,75,257,False
304,Ed Oliver,DL,BIGS,73.875,287.0,9.25,31.75,77.375,74,289,False
305,Rashaan Evans,LB,MIDS,73.875,232.0,10.0,32.25,77.25,75,217,False
306,Nick Bawden,QB,MIDS,73.875,245.0,9.25,30.5,72.875,74,231,False
307,Nick Bawden,WR,SKILLS,73.875,245.0,9.25,30.5,72.875,74,231,False
308,Ricardo Louis,ATH,SKILLS,73.75,215.0,9.5,32.375,77.5,74,200,False
309,Derwin James,DB,SKILLS,73.75,215.0,9.5,33.0,78.625,74,202,False
310,Justin Layne,WR,SKILLS,73.75,192.0,9.25,33.0,80.125,75,180,False
311,Tyreque Jones,DB,SKILLS,73.75,195.0,9.625,33.75,80.375,73,180,False
312,Jordan Jones,WR,SKILLS,73.75,234.0,9.0,31.75,76.125,73,175,False
313,Carl Lawson,DL,BIGS,73.75,261.0,10.38,31.5,76.88,75,251,False
314,Gerald Willis III,DL,BIGS,73.75,302.0,8.5,33.0,76.5,75,275,True
315,Noah Brown,ATH,SKILLS,73.75,222.0,9.13,31.75,76.63,74,215,False
316,Robert Foster,WR,SKILLS,73.625,196.0,9.25,32.125,77.25,75,190,False
317,Donovan Peoples-Jones,WR,SKILLS,73.625,212.0,10.125,33.5,79.25,74,200,False
318,Holton Hill,DB,SKILLS,73.625,196.0,9.625,32.0,77.25,74,184,False
319,Jakobi Meyers,QB,MIDS,73.625,203.0,9.5,32.0,76.5,74,172,False
320,Blake Martinez,LB,MIDS,73.625,237.0,10.0,31.625,76.875,73,242,False
321,Lowell Lotulelei,DL,BIGS,73.625,315.0,9.625,33.0,77.5,74,293,False
322,Rashard Robinson,ATH,SKILLS,73.5,171.0,9.0,32.25,76.875,74,161,False
323,Quincy Wilson,DB,SKILLS,73.5,211.0,9.63,32.25,75.63,73,197,False
324,DaVaris Daniels,WR,SKILLS,73.5,201.0,9.0,31.25,76.0,74,164,False
325,Jeremiah Hall,TE,MIDS,73.5,239.0,10.5,31.625,76.625,76,224,False
326,Van Jefferson,WR,SKILLS,73.5,200.0,9.125,32.75,77.125,74,175,False
327,Vosean Joseph,LB,MIDS,73.5,230.0,9.625,31.375,75.375,74,207,False
328,Bo Scarbrough,ATH,SKILLS,73.375,228.0,10.0,33.5,80.375,74,215,False
329,Bobby Okereke,ATH,SKILLS,73.375,239.0,10.125,34.5,82.625,73,213,False
330,Quentin Lake,DB,SKILLS,73.375,201.0,9.125,31.25,76.25,73,176,False
331,Kamren Curl,ATH,SKILLS,73.375,206.0,8.5,32.625,75.75,74,176,False
332,Darius Philon,DL,BIGS,73.375,298.0,9.5,32.375,79.25,73,263,False
333,Jalen Ramsey,DB,SKILLS,73.25,209.0,9.5,33.375,79.625,72,190,False
334,Rodney Adams,WR,SKILLS,73.25,189.0,9.0,32.0,75.0,73,166,False
335,Saquan Hampton,DB,SKILLS,73.25,206.0,8.625,31.625,75.0,73,180,False
336,Quartney Davis,WR,SKILLS,73.25,201.0,9.5,31.375,75.75,75,181,False
337,Maurice Alexander,QB,MIDS,73.25,220.0,8.875,32.625,77.5,71,160,False
338,Riley Ridley,WR,SKILLS,73.25,199.0,10.25,32.625,78.25,74,195,False
339,Keon Hatcher,WR,SKILLS,73.25,212.0,9.5,32.0,76.13,74,205,False
340,Tanner Vallejo,LB,MIDS,73.25,228.0,9.63,30.5,73.25,73,220,False
341,J.T. Barrett,QB,MIDS,73.25,224.0,9.875,32.0,76.0,73,205,False
342,Reggie Ragland,LB,MIDS,73.25,247.0,9.875,32.0,77.75,75,245,False
343,A.J. Terrell,DB,SKILLS,73.125,195.0,9.0,31.25,75.625,74,179,False
344,Jerome Baker,LB,MIDS,73.125,229.0,10.375,31.5,76.125,73,202,False
345,Darreus Rogers,WR,SKILLS,73.125,216.0,10.13,32.0,76.75,73,195,False
346,Ryan Shazier,LB,MIDS,73.125,237.0,10.0,32.375,78.625,74,205,False
347,Darius Slayton,DB,SKILLS,73.0,190.0,10.0,32.75,79.0,73,180,False
348,Jerry Jeudy,WR,SKILLS,73.0,193.0,9.5,32.125,76.0,73,180,False
349,Rayshawn Jenkins,DB,SKILLS,73.0,214.0,9.63,32.75,77.38,73,190,False
350,Carlton Davis,DB,SKILLS,73.0,206.0,8.875,32.75,79.375,73,182,False
351,Jalen Hurts,QB,MIDS,73.0,222.0,9.75,31.75,77.625,74,208,False
352,Kenny Young,LB,MIDS,73.0,236.0,9.5,32.375,78.125,73,210,False
354,Khalil Davis,DL,BIGS,73.0,308.0,9.75,31.5,74.75,74,260,False
355,Christian Sam,LB,MIDS,73.0,244.0,10.0,31.5,76.75,73,206,False
356,Daylon Mack,DL,BIGS,73.0,336.0,10.25,31.25,76.5,73,330,False
357,Greg Gaines,DL,BIGS,73.0,312.0,9.625,31.25,75.875,73,297,False
358,Derrick Nnadi,DL,BIGS,73.0,317.0,9.875,33.5,79.75,73,299,False
359,Clay Johnston,LB,MIDS,73.0,227.0,9.0,30.5,73.25,74,200,False
360,Kalia Davis,DL,BIGS,73.0,302.0,9.5,33.625,80.0,74,223,False
361,Jonathan Crawford,ATH,SKILLS,73.0,205.0,9.25,31.5,76.5,74,171,False
362,Quenton Meeks,DB,SKILLS,73.0,209.0,10.25,31.75,76.25,73,185,False
363,Deionte Thompson,DB,SKILLS,73.0,195.0,9.875,32.125,76.75,73,175,False
364,Nile Lawrence-Stample,DL,BIGS,73.0,320.0,9.875,32.75,79.5,73,297,False
365,Cassanova McKinzy,LB,MIDS,73.0,248.0,9.875,31.25,77.125,74,225,False
366,Roquan Smith,LB,MIDS,72.875,236.0,10.0,32.0,77.0,74,204,False
367,Nick Harris,OL,BIGS,72.875,302.0,9.75,32.125,77.5,73,272,False
368,Terrel Bernard,LB,MIDS,72.875,224.0,9.625,30.25,73.0,74,202,False
369,Saivion Smith,DB,SKILLS,72.875,199.0,9.5,33.25,78.875,73,183,False
370,Delano Hill,DB,SKILLS,72.75,216.0,9.38,32.13,77.5,72,198,False
371,Darron Lee,DB,SKILLS,72.75,232.0,9.75,33.25,79.25,74,205,False
373,Brandon Wilds,RB,MIDS,72.75,220.0,10.25,32.0,77.25,73,220,False
374,Kwon Alexander,LB,MIDS,72.75,227.0,9.25,30.25,74.625,74,215,False
375,Travin Dural,WR,SKILLS,72.75,202.0,9.0,32.0,75.0,73,175,False
376,Alijah Holder,DB,SKILLS,72.75,191.0,9.5,32.5,77.25,73,165,False
377,Tony Brown,DB,SKILLS,72.75,198.0,9.25,31.5,76.0,72,196,False
378,Tony Brown,WR,SKILLS,72.75,198.0,9.25,31.5,76.0,73,185,False
379,Tony Brown,DB,SKILLS,71.875,199.0,9.25,31.5,74.75,72,196,False
380,Tony Brown,WR,SKILLS,71.875,199.0,9.25,31.5,74.75,73,185,False
381,Dakota Allen,LB,MIDS,72.75,232.0,9.25,31.25,74.0,73,227,False
382,Christian Campbell,ATH,SKILLS,72.75,195.0,8.75,33.5,79.0,73,189,False
383,Marcell Harris,DB,SKILLS,72.75,216.0,8.625,32.0,75.5,73,209,False
384,Tariq Castro-Fields,DB,SKILLS,72.625,197.0,8.75,30.75,76.0,73,177,False
385,Eli Apple,DB,SKILLS,72.625,199.0,9.375,31.375,76.375,72,185,False
386,Kenyan Drake,RB,MIDS,72.625,210.0,9.0,31.0,75.25,73,195,False
387,Jordan Miller,DB,SKILLS,72.625,186.0,9.625,32.875,76.5,73,161,False
388,Melvin Gordon,ATH,SKILLS,72.625,215.0,9.75,32.375,76.375,72,182,False
389,Iman Marshall,DB,SKILLS,72.625,207.0,9.5,30.375,73.5,73,195,False
390,Charleston Rambo,WR,SKILLS,72.625,177.0,9.75,32.0,76.5,73,166,False
391,Dorian O'Daniel,LB,MIDS,72.625,223.0,9.0,31.125,75.0,73,201,False
392,Jeremy Hill,RB,MIDS,72.625,233.0,10.375,32.625,77.75,73,224,False
393,Steve Longa,ATH,SKILLS,72.625,241.0,9.75,32.0,77.5,72,210,False
394,Amarlo Herrera,LB,MIDS,72.625,244.0,9.625,32.75,78.375,73,224,False
395,Bryson Allen-Williams,LB,MIDS,72.625,236.0,9.75,31.5,77.625,73,230,False
396,Sheldon Day,DL,BIGS,72.625,293.0,9.625,32.625,79.0,74,280,False
397,Elijah Qualls,DL,BIGS,72.625,313.0,9.38,30.63,74.0,73,282,False
398,Jaylinn Hawkins,WR,SKILLS,72.625,208.0,9.5,31.75,77.125,71,180,False
399,Justin Davis,RB,MIDS,72.625,208.0,9.63,31.0,73.75,73,199,False
400,Justin Reid,DB,SKILLS,72.5,207.0,9.75,31.625,77.5,74,193,False
401,Calvin Ridley,WR,SKILLS,72.5,189.0,9.125,31.625,75.75,73,169,False
402,C.J. Prosise,DB,SKILLS,72.5,220.0,8.5,32.125,75.75,73,190,False
403,A.J. Brown,WR,SKILLS,72.5,226.0,9.75,32.875,78.0,74,218,False
404,Leonard Fournette,RB,MIDS,72.5,240.0,9.25,31.63,75.25,73,226,False
405,Adrian Amos,DB,SKILLS,72.5,218.0,9.125,32.25,76.375,71,190,False
406,Wayne Gallman,ATH,SKILLS,72.5,215.0,9.13,32.63,77.0,73,200,False
407,Keanu Neal,DB,SKILLS,72.5,211.0,10.625,32.75,78.375,73,203,True
408,Matt Milano,DB,SKILLS,72.5,223.0,9.38,32.0,75.63,72,194,False
409,Shaquille Quarterman,LB,MIDS,72.5,234.0,9.125,31.625,75.125,73,239,False
410,Freddie Stevenson,LB,MIDS,72.5,234.0,9.63,32.75,75.75,73,230,False
411,Shaquem Griffin,DB,SKILLS,72.375,227.0,9.0,32.125,66.5,73,183,False
412,Brendan Langley,ATH,SKILLS,72.375,201.0,9.5,32.0,75.75,73,181,False
413,Josh Jackson,DB,SKILLS,72.375,196.0,9.375,31.125,74.25,71,175,False
414,Xavier McKinney,DB,SKILLS,72.375,201.0,8.625,30.875,75.5,73,196,False
415,Henre' Toliver,DB,SKILLS,72.375,188.0,9.0,30.875,73.25,72,180,False
416,Deon Bush,DB,SKILLS,72.375,199.0,9.25,30.875,75.125,73,177,False
417,Jalen Elliott,ATH,SKILLS,72.375,205.0,9.125,31.75,76.625,73,181,False
418,Rodney Anderson,RB,MIDS,72.375,224.0,9.75,30.75,75.375,73,205,False
419,Jeremy Cash,DB,SKILLS,72.375,212.0,10.0,32.375,78.75,73,185,False
420,Trey DePriest,LB,MIDS,72.375,254.0,9.0,31.625,75.5,73,225,False
421,Isaiah Davis,LB,MIDS,72.25,218.0,10.25,31.125,74.875,74,213,False
422,Marlon Humphrey,DB,SKILLS,72.25,197.0,8.75,32.25,76.25,72,179,False
423,Freddie Swain,WR,SKILLS,72.25,197.0,9.0,30.625,74.375,72,185,False
424,Patrick Queen,RB,MIDS,72.25,229.0,10.0,31.625,76.875,73,209,False
425,Ashton Lampkin,DB,SKILLS,72.25,189.0,9.38,31.0,74.0,71,175,False
426,Raphael Kirby,LB,MIDS,72.25,236.0,9.875,31.0,77.5,73,215,False
427,Trae Waynes,DB,SKILLS,72.125,186.0,8.25,31.0,75.0,71,158,False
428,Nelson Agholor,WR,SKILLS,72.125,198.0,9.25,32.25,77.375,73,180,False
429,Minkah Fitzpatrick,DB,SKILLS,72.125,204.0,9.375,31.25,75.125,73,194,False
430,Braylon Sanders,ATH,SKILLS,72.125,194.0,10.0,31.5,74.75,72,172,False
431,Alex Carter,ATH,SKILLS,72.125,196.0,9.125,32.125,79.625,73,190,False
432,Trace McSorley,ATH,SKILLS,72.125,202.0,9.125,31.0,72.375,73,182,False
433,Baylon Spector,LB,MIDS,72.125,233.0,10.0,31.5,75.625,74,220,False
434,Shaq Thompson,DB,SKILLS,72.125,228.0,9.5,33.0,79.0,74,210,False
435,Markus Bailey,LB,MIDS,72.125,235.0,9.375,31.5,76.25,73,215,False
436,Jaren Hall,QB,MIDS,72.125,207.0,9.5,29.75,71.875,72,181,False
437,Kolby Listenbee,ATH,SKILLS,72.0,197.0,8.25,31.375,76.75,72,166,False
438,Saquon Barkley,RB,MIDS,72.0,233.0,9.5,31.375,74.25,72,208,False
439,Devin White,ATH,SKILLS,72.0,237.0,9.75,32.125,75.875,73,260,False
440,Sheldrick Redwine,DB,SKILLS,72.0,196.0,9.375,31.75,77.25,73,183,False
441,Stefon Diggs,ATH,SKILLS,72.0,195.0,10.0,31.25,75.75,72,185,False
442,Landon Collins,DB,SKILLS,72.0,228.0,9.375,31.5,78.0,72,210,False
443,P.J. Williams,DB,SKILLS,72.0,194.0,8.625,31.0,76.125,72,180,False
444,Deadrin Senat,DL,BIGS,72.0,314.0,9.75,31.625,76.25,73,311,False
445,Tua Tagovailoa,QB,MIDS,72.0,217.0,10.0,30.5,75.25,73,215,False
446,Cameron Brown,LB,MIDS,72.0,199.0,9.0,31.0,75.875,77,199,False
447,Ben Boulware,LB,MIDS,72.0,238.0,10.0,30.5,74.75,73,225,False
448,Mike Davis,RB,MIDS,72.0,197.0,10.0,32.75,77.375,70,200,False
449,Mike Davis,RB,MIDS,69.125,217.0,9.375,30.25,72.25,70,200,False
450,D'Eriq King,ATH,SKILLS,68.75,196.0,9.25,28.875,71.125,69,162,False
453,Stacy Coley,WR,SKILLS,71.875,195.0,9.75,32.25,75.88,73,173,False
454,Artie Burns,DB,SKILLS,71.875,193.0,9.5,33.25,78.0,72,183,False
455,Jaylon Johnson,DB,SKILLS,71.875,193.0,9.375,31.375,74.375,73,181,False
456,K.J. Hill,WR,SKILLS,71.875,196.0,9.25,29.125,72.5,73,194,False
457,James Quick,WR,SKILLS,71.875,186.0,9.0,30.75,74.88,72,180,False
458,Ventrell Miller,LB,MIDS,71.875,232.0,9.125,32.5,78.875,72,227,False
459,Ezekiel Elliott,RB,MIDS,71.75,225.0,10.25,31.25,75.375,72,205,False
460,Malik Cunningham,ATH,SKILLS,71.75,192.0,9.5,31.375,75.375,72,187,False
461,Jamal Adams,DB,SKILLS,71.75,214.0,9.25,33.38,75.5,72,204,False
462,Chris Carson,RB,MIDS,71.75,218.0,9.63,33.25,79.38,73,190,False
463,Elijah Shumate,DB,SKILLS,71.75,216.0,9.75,31.125,75.5,72,205,False
464,Julian Blackmon,ATH,SKILLS,71.75,187.0,9.0,31.0,75.25,72,167,False
465,Taylor Rapp,DB,SKILLS,71.75,208.0,9.0,30.75,72.875,72,199,False
466,Shaun Dion Hamilton,LB,MIDS,71.75,228.0,10.25,31.0,76.5,71,234,False
467,Marcus Maye,DB,SKILLS,71.75,210.0,9.13,32.5,77.25,72,195,False
468,Gerod Holliman,DB,SKILLS,71.75,218.0,9.5,32.0,76.0,72,188,False
469,Kristian Fulton,DB,SKILLS,71.625,197.0,9.125,30.625,71.875,72,172,False
470,Andre Smith,LB,MIDS,71.625,237.0,10.0,33.125,78.875,72,215,False
471,De'Jon Harris,LB,MIDS,71.625,234.0,9.375,31.375,75.625,72,238,False
472,Darrel Williams,RB,MIDS,71.625,225.0,9.375,31.0,73.125,71,203,False
473,Shadrach Thornton,RB,MIDS,71.625,217.0,9.75,30.0,73.375,72,200,False
474,Abram Smith,RB,MIDS,71.625,213.0,8.25,30.25,72.375,72,196,True
475,Kendall Joseph,LB,MIDS,71.625,233.0,9.75,31.625,75.0,72,227,False
476,Josh Thompson,DB,SKILLS,71.5,194.0,9.375,30.875,74.875,72,180,False
477,Kris Boyd,DB,SKILLS,71.5,201.0,9.0,30.75,74.375,72,181,False
478,Royce Freeman,RB,MIDS,71.5,229.0,9.5,32.0,76.75,72,227,False
479,Keith Marshall,RB,MIDS,71.375,219.0,9.375,31.625,76.625,71,190,False
480,Terrell Burgess,DB,SKILLS,71.375,202.0,9.25,29.5,71.375,72,178,False
481,Marlon Mack,RB,MIDS,71.375,213.0,9.0,32.0,76.63,71,192,False
482,Rashad Greene,WR,SKILLS,71.375,182.0,9.0,31.625,75.625,72,170,False
483,Terry Godwin,ATH,SKILLS,71.375,184.0,9.375,30.0,73.875,72,170,False
484,Kendall Sheffield,DB,SKILLS,71.375,193.0,9.25,31.5,75.625,72,181,False
485,Deshaun Davis,LB,MIDS,71.375,234.0,10.0,31.25,75.875,72,230,False
486,Elijah Hood,RB,MIDS,71.375,232.0,9.38,30.38,74.13,72,221,False
487,Anthony Brown,QB,MIDS,71.25,192.0,8.25,31.75,75.5,73,194,True
488,Ty Chandler,RB,MIDS,71.25,204.0,9.0,32.125,75.625,72,190,False
489,Odell Beckham Jr.,ATH,SKILLS,71.25,198.0,10.0,32.75,78.125,71,179,False
490,Tre'Davious White,DB,SKILLS,71.25,192.0,9.13,32.13,75.75,71,170,False
491,Chase Lucas,RB,MIDS,71.25,180.0,9.25,31.875,74.5,72,170,False
492,Stephen Roberts,DB,SKILLS,71.25,186.0,8.875,31.375,73.25,72,180,False
493,Chris Miller,DB,SKILLS,71.25,190.0,9.0,29.875,72.625,71,173,False
494,Chris Miller,DB,SKILLS,71.25,190.0,9.0,29.875,72.625,72,180,False
495,Anthony Averett,ATH,SKILLS,71.125,183.0,8.5,30.25,71.625,72,170,False
496,Harrison Hand,DB,SKILLS,71.125,197.0,9.125,31.75,76.375,72,183,False
498,Dexter Williams,RB,MIDS,71.125,212.0,9.625,32.25,76.875,72,195,False
499,Connor Heyward,WR,SKILLS,71.125,233.0,9.5,31.875,76.25,72,219,False
500,Nick Brossette,RB,MIDS,71.125,209.0,8.625,30.0,72.875,72,211,False
501,Brandon Jones,DB,SKILLS,71.125,198.0,8.75,30.125,74.5,72,193,False
502,Michael Pinckney,LB,MIDS,71.125,235.0,10.0,32.375,77.25,72,213,False
503,KeiVarae Russell,RB,MIDS,71.125,192.0,10.0,31.625,75.875,72,175,False
504,Pharoh Cooper,ATH,SKILLS,71.125,203.0,9.125,32.25,75.0,71,181,False
505,Vinnie Sunseri,LB,MIDS,71.125,210.0,10.0,30.0,73.75,71,202,False
506,Zedrick Woods,LB,MIDS,71.0,205.0,9.125,31.625,75.125,71,196,False
507,Damarri Mathis,DB,SKILLS,71.0,196.0,8.25,31.875,77.5,71,176,False
508,Malcolm Rodriguez,DB,SKILLS,71.0,232.0,9.625,30.125,73.125,71,180,False
509,Deandre Baker,DB,SKILLS,71.0,193.0,9.0,32.0,77.125,71,167,False
510,Rashad Fenton,DB,SKILLS,71.0,193.0,8.75,30.375,74.0,72,171,False
511,Khaleke Hudson,DB,SKILLS,71.0,224.0,10.0,29.375,72.625,71,200,False
513,Darius West,DB,SKILLS,70.875,208.0,9.125,31.375,75.75,70,183,False
514,Xavier Crawford,DB,SKILLS,70.875,187.0,9.0,29.125,71.875,72,167,False
515,D.J. White,DB,SKILLS,70.875,193.0,9.25,31.5,76.875,71,175,False
516,Nick Chubb,RB,MIDS,70.875,227.0,9.625,32.0,73.625,71,217,False
517,M.J. Stewart,ATH,SKILLS,70.875,200.0,9.25,31.25,75.375,71,191,False
518,Salvon Ahmed,RB,MIDS,70.875,197.0,8.75,29.25,71.625,72,191,False
519,David Cobb,RB,MIDS,70.875,229.0,9.375,31.625,76.375,71,208,False
520,Zack Sanchez,DB,SKILLS,70.875,185.0,9.375,31.375,73.875,72,165,False
521,Trestan Ebner,WR,SKILLS,70.75,206.0,8.5,29.75,72.5,72,188,False
522,Shelton Gibson,WR,SKILLS,70.75,191.0,8.88,32.0,75.63,71,173,False
524,Julian Love,ATH,SKILLS,70.75,195.0,9.0,31.75,75.375,71,175,False
525,Byron Murphy,DB,SKILLS,70.75,190.0,8.875,30.125,71.375,71,168,False
526,Lamical Perine,RB,MIDS,70.75,216.0,10.25,31.625,76.375,71,210,False
527,Damon Webb,DB,SKILLS,70.75,209.0,8.125,31.25,72.5,70,179,True
528,Lavon Coleman,RB,MIDS,70.75,215.0,9.25,30.5,73.25,70,205,False
529,Curtis Samuel,ATH,SKILLS,70.625,196.0,9.5,31.25,74.88,71,186,False
530,Ronald Darby,DB,SKILLS,70.625,193.0,8.625,31.375,74.625,71,176,False
531,Antonio Callaway,WR,SKILLS,70.625,200.0,9.5,31.5,73.625,71,179,False
532,David Long,ATH,SKILLS,70.625,196.0,9.625,30.875,76.125,70,176,False
533,David Long,LB,MIDS,70.625,196.0,9.625,30.875,76.125,71,205,False
534,Duke Dawson,DB,SKILLS,70.625,197.0,9.0,31.5,74.5,71,197,False
535,Jalen Reagor,WR,SKILLS,70.625,206.0,9.5,31.375,74.375,71,183,False
536,Jordan Scarlett,RB,MIDS,70.625,208.0,8.875,30.375,72.375,71,207,False
537,Miles Sanders,RB,MIDS,70.625,211.0,9.25,30.625,74.625,71,200,False
538,Sony Michel,RB,MIDS,70.625,214.0,9.125,31.25,73.625,71,194,False
539,De'Vante Harris,DB,SKILLS,70.625,176.0,8.125,30.625,72.875,70,160,True
540,Kennedy Brooks,RB,MIDS,70.625,209.0,7.625,30.25,74.75,71,185,True
541,Alexander Mattison,RB,MIDS,70.625,221.0,9.125,31.0,76.25,71,193,False
542,Speedy Noil,ATH,SKILLS,70.625,199.0,9.25,30.0,73.88,72,176,False
543,Corey Coleman,ATH,SKILLS,70.625,194.0,9.0,30.25,72.875,71,175,False
544,Donte Jackson,ATH,SKILLS,70.5,178.0,8.75,29.5,71.625,71,170,False
545,Devin Duvernay,WR,SKILLS,70.5,200.0,9.5,30.625,75.25,71,193,False
546,Derrius Guice,RB,MIDS,70.5,224.0,9.0,30.75,72.75,71,215,False
547,Jalin Marshall,WR,SKILLS,70.5,200.0,9.625,31.5,75.75,71,196,False
549,Darius Anderson,RB,MIDS,70.5,208.0,9.625,30.5,74.375,71,182,False
550,Tony Jones Jr.,RB,MIDS,70.5,220.0,9.5,30.625,74.125,71,210,False
551,Shyheim Carter,DB,SKILLS,70.5,194.0,9.5,29.625,71.75,72,177,False
552,Armani Watts,ATH,SKILLS,70.5,202.0,8.75,31.0,72.375,71,183,False
553,Cam Akers,RB,MIDS,70.375,217.0,9.0,30.625,74.625,71,213,False
554,Christian Kirk,WR,SKILLS,70.375,201.0,9.875,30.375,72.875,71,197,False
555,Travis Homer,RB,MIDS,70.375,201.0,10.0,31.5,75.5,71,195,False
556,Dalvin Cook,RB,MIDS,70.375,210.0,9.25,32.38,75.13,71,196,False
557,Quinton Flowers,ATH,SKILLS,70.375,214.0,9.75,30.875,73.75,72,203,False
558,Garrett Williams,TE,MIDS,70.375,192.0,9.25,31.0,74.5,76,225,False
559,Jordan Whitehead,DB,SKILLS,70.375,198.0,8.5,29.75,70.75,71,171,False
560,Mecole Hardman,ATH,SKILLS,70.25,187.0,9.0,30.25,71.625,71,176,False
561,Jonathan Taylor,RB,MIDS,70.25,226.0,9.5,31.125,75.375,71,208,False
562,Doran Grant,DB,SKILLS,70.25,200.0,9.375,30.25,73.875,71,177,False
563,Jourdan Lewis,DB,SKILLS,70.25,188.0,9.25,31.63,75.13,70,159,False
564,Alvin Kamara,RB,MIDS,70.25,214.0,9.25,32.75,78.25,70,192,False
565,Kelvin Taylor,RB,MIDS,70.25,207.0,8.25,29.25,71.125,71,216,True
566,Mike Hughes,ATH,SKILLS,70.125,189.0,8.75,30.875,73.0,70,181,False
567,Jaquan Johnson,ATH,SKILLS,70.125,191.0,8.75,29.625,72.75,70,182,False
568,Gionni Paul,LB,MIDS,70.125,231.0,8.125,31.0,76.375,72,222,True
569,Adoree' Jackson,DB,SKILLS,70.0,186.0,9.25,31.38,74.0,70,182,False
570,Peyton Barber,RB,MIDS,70.0,228.0,9.375,30.25,73.875,70,210,False
571,Lavert Hill,DB,SKILLS,70.0,190.0,9.125,30.875,74.375,70,176,False
572,Cyrus Jones,ATH,SKILLS,69.875,197.0,9.125,31.375,73.75,71,185,False
573,Kyshoen Jarrett,DB,SKILLS,69.875,200.0,9.75,31.0,76.125,71,184,False
574,Ryan Davis,ATH,SKILLS,69.875,189.0,9.25,30.875,73.0,70,157,False
575,Phillip Dorsett,WR,SKILLS,69.75,185.0,9.375,30.25,74.75,69,167,False
576,Darnay Holmes,DB,SKILLS,69.75,195.0,9.25,29.5,69.75,70,195,False
577,Justice Hill,RB,MIDS,69.625,198.0,9.5,31.625,74.875,70,180,False
578,Mark Walton,RB,MIDS,69.625,202.0,9.25,30.0,72.125,70,185,False
579,Bishop Sankey,RB,MIDS,69.5,209.0,10.0,31.0,73.0,69,185,False
580,J.K. Dobbins,RB,MIDS,69.5,209.0,9.5,29.75,73.5,70,201,False
581,Essang Bassey,DB,SKILLS,69.375,191.0,7.875,31.0,74.5,69,174,True
582,Zack Moss,RB,MIDS,69.375,223.0,9.25,31.25,75.5,70,200,False
583,Kapri Bibbs,RB,MIDS,69.375,212.0,8.5,31.375,73.375,70,194,False
584,Josiah Scott,DB,SKILLS,69.25,185.0,8.75,29.375,71.25,70,170,False
585,Grant Haley,DB,SKILLS,69.25,190.0,9.125,29.75,72.25,70,180,False
586,Bralon Addison,WR,SKILLS,69.25,197.0,9.125,29.5,72.25,70,185,False
587,Antoine Winfield Jr.,DB,SKILLS,69.125,203.0,9.5,30.125,72.75,69,183,False
588,Tavon Young,DB,SKILLS,69.125,183.0,9.125,30.625,75.625,69,155,False
589,Sojourn Shelton,DB,SKILLS,69.0,177.0,8.38,31.0,72.13,70,152,False
590,Thomas Rawls,RB,MIDS,69.0,215.0,9.5,30.75,73.875,70,215,False
591,Jeff Thomas,WR,SKILLS,68.875,170.0,8.375,30.375,73.0,70,170,False
592,Eno Benjamin,RB,MIDS,68.875,207.0,8.625,31.25,76.0,70,203,False
593,Bryce Love,RB,MIDS,68.875,200.0,9.125,29.375,72.875,70,180,False
594,Demario Richard,RB,MIDS,68.75,218.0,9.25,28.75,70.625,69,197,False
595,Ryan Switzer,WR,SKILLS,68.5,181.0,9.25,28.0,68.0,69,170,False
596,Amik Robertson,DB,SKILLS,68.375,187.0,9.0,30.25,73.875,70,170,False
597,D'Andre Swift,RB,MIDS,68.25,212.0,9.0,29.875,72.0,70,214,False
598,DeAndre Washington,ATH,SKILLS,68.25,204.0,9.0,30.0,72.625,68,190,False
599,Trayveon Williams,RB,MIDS,68.125,206.0,9.25,30.375,74.125,69,182,False
601,Myles Bryant,ATH,SKILLS,67.875,183.0,9.125,29.5,69.5,68,168,False
602,Trajan Bandy,DB,SKILLS,67.75,180.0,9.0,29.875,73.25,70,182,False
603,Mohamed Ibrahim,RB,MIDS,67.75,203.0,9.0,28.625,69.625,68,197,False
604,Isaiah McKenzie,ATH,SKILLS,67.5,173.0,8.88,28.88,68.25,68,160,False
605,Trey Williams,RB,MIDS,67.5,195.0,8.25,29.875,71.625,68,180,True
606,Devin Singletary,RB,MIDS,67.5,203.0,8.5,28.875,70.0,68,191,False
607,Clyde Edwards-Helaire,RB,MIDS,67.25,207.0,9.625,29.0,70.625,68,201,False
608,Chris Thompson,WR,SKILLS,67.125,192.0,9.25,30.25,72.75,71,170,False
609,J.J. Taylor,RB,MIDS,65.25,185.0,8.5,28.75,71.25,65,160,False
